Name,Period,Diet,Country,Name_kr,Continent
Aardonyx,Jurassic,herbivore,South Africa,아르도닉스,Africa
Abelisaurus,Cretaceous,carnivore,South America,아벨리사우르스,South America
Abrictosaurus,Jurassic,herbivore,South Africa,아브릭토사우르스,Africa
Abrosaurus,Jurassic,herbivore,China,아브로사우르스,Asia
Abydosaurus,Cretaceous,herbivore,North America,아비도사우르스,North America
Acanthopholis,Cretaceous,herbivore,England,아칸토폴리스,Europe
Achelousaurus,Cretaceous,herbivore,North America,아케로사우르스,North America
Acheroraptor,Cretaceous,carnivore,North America,아케로랩터,North America
Achillesaurus,Cretaceous,carnivore,South America,아킬레사우르스,South America
Achillobator,Cretaceous,carnivore,Mongolia,아킬로바토르,Asia
Acristavus,Cretaceous,herbivore,North America,아크리스타부스,North America
Acrocanthosaurus,Cretaceous,carnivore,North America,아크로칸토사우르스,North America
Acrotholus,Cretaceous,herbivore,North America,아크로톨루스,North America
Adamantisaurus,Cretaceous,herbivore,South America,아담안티사우르스,South America
Adasaurus,Cretaceous,carnivore,Mongolia,아다사우르스,Asia
Adeopapposaurus,Jurassic,herbivore,South America,아데오파포사우르스,South America
Adratiklit,Jurassic,herbivore,Morocco,아드라티클리트,Africa
Adynomosaurus,Cretaceous,herbivore,Spain,아디노모사우르스,Europe
Aegyptosaurus,Cretaceous,herbivore,Egypt,아이지프토사우르스,Africa
Aeolosaurus,Cretaceous,herbivore,South America,아이올로사우르스,South America
Aepisaurus,Cretaceous,herbivore,France,아이피사우르스,Europe
Aerosteon,Cretaceous,carnivore,South America,아에로스테온,South America
Aetonyx,Jurassic,herbivore,South Africa,아에토닉스,Africa
Afrovenator,Jurassic,carnivore,Niger,아프로베나토르,Africa
Agathaumas,Cretaceous,herbivore,North America,아가소마우스,North America
Agilisaurus,Jurassic,herbivore,China,아질리사우르스,Asia
Agrosaurus,Triassic,herbivore,England,아그로사우르스,Europe
Agujaceratops,Cretaceous,herbivore,North America,아구하세라톱스,North America
Agustinia,Cretaceous,herbivore,South America,아구스티니아,South America
Ahshislepelta,Cretaceous,herbivore,North America,아시스레펠타,North America
Airakoraptor,Cretaceous,carnivore,Mongolia,아이라코랩터,Asia
Ajkaceratops,Cretaceous,herbivore,etc,아이카세라톱스,etc
Akainacephalus,Cretaceous,herbivore,North America,아카이나세팔루스,North America
Alamosaurus,Cretaceous,herbivore,North America,알라모사우르스,North America
Alaskacephale,Cretaceous,herbivore,North America,알래스카세팔레,North America
Albalophosaurus,Cretaceous,herbivore,Japan,알발로포사우르스,Asia
Albertaceratops,Cretaceous,herbivore,North America,알베타세라톱스,North America
Albertadromeus,Cretaceous,herbivore,North America,알베르타드로메우스,North America
Albertonykus,Cretaceous,carnivore,North America,알베르토니쿠스,North America
Albertosaurus,Cretaceous,carnivore,North America,알버타사우르스,North America
Albinykus,Cretaceous,carnivore,Mongolia,알비니쿠스,Asia
Alcovasaurus,Jurassic,herbivore,North America,알코바사우르스,North America
Alectrosaurus,Cretaceous,carnivore,Mongolia,알렉트로사우르스,Asia
Aletopelta,Cretaceous,herbivore,North America,알레토펠타,North America
Algoasaurus,Jurassic,herbivore,South Africa,알고아사우르스,Africa
Alioramus,Cretaceous,carnivore,etc,알리오라무스,etc
Allosaurus,Jurassic,carnivore,North America,알로사우르스,North America
Allosaurus,Jurassic,carnivore,Tanzania,알로사우르스,Africa
Allosaurus,Jurassic,carnivore,Portugal,알로사우르스,Europe
Alnashetri,Cretaceous,carnivore,South America,알나셰트리,South America
Alocodon,Jurassic,herbivore,Portugal,알로코돈,Europe
Altirhinus,Cretaceous,herbivore,Mongolia,알티라이누스,Asia
Altispinax,Cretaceous,carnivore,England,알티스피낙스,Europe
Alvarezsaurus,Cretaceous,carnivore,South America,알바레즈사우르스,South America
Alwalkeria,Triassic,omnivore,India,알워커리아,Asia
Alxasaurus,Cretaceous,herbivore,Mongolia,알사사우르스,Asia
Amargasaurus,Cretaceous,herbivore,South America,아마르가사우르스,South America
Amargatitanis,Cretaceous,herbivore,South America,아마르가티타니스,South America
Amazonsaurus,Cretaceous,herbivore,South America,아마존사우르스,South America
Ampelosaurus,Cretaceous,herbivore,France,암펠로사우르스,Europe
Amphicoelias,Jurassic,herbivore,North America,암피코엘리아스,North America
Amtocephale,Cretaceous,herbivore,Mongolia,암토세파리,Asia
Amtosaurus,Cretaceous,herbivore,Mongolia,암토사우르스,Asia
Amurosaurus,Cretaceous,herbivore,Russia,아무로사우르스,Asia
Amygdalodon,Jurassic,herbivore,South America,아미그달로돈,South America
Anabisetia,Cretaceous,herbivore,South America,아나비세티아,South America
Anasazisaurus,Cretaceous,herbivore,North America,아나사지사우르스,North America
Anchiceratops,Cretaceous,herbivore,North America,앙키세라톱스,North America
Anchiornis,Jurassic,carnivore,China,앙치오르니스,Asia
Anchisaurus,Jurassic,herbivore,North America,앙키사우르스,North America
Andesaurus,Cretaceous,herbivore,South America,안데사우르스,South America
Angaturama,Cretaceous,carnivore,South America,앙가투라마,South America
Angolatitan,Cretaceous,herbivore,etc,앙골라티탄,etc
Angulomastacator,Cretaceous,herbivore,North America,앙구로마스타코터,North America
Aniksosaurus,Cretaceous,carnivore,South America,아닉소사우르스,South America
Animantarx,Cretaceous,herbivore,North America,아니만타르크스,North America
Ankylosaurus,Cretaceous,herbivore,North America,앵킬로사우르스,North America
Anodontosaurus,Cretaceous,herbivore,North America,아노돈토사우르스,North America
Anoplosaurus,Cretaceous,herbivore,England,아노플로사우르스,Europe
Anserimimus,Cretaceous,omnivore,Mongolia,안세리미무스,Asia
Antarctopelta,Cretaceous,herbivore,Antarctica,안타르크토펠타,Antarctica
Antarctosaurus,Cretaceous,herbivore,South America,안타르크토사우르스,South America
Antetonitrus,Jurassic,herbivore,South Africa,안테토니트루스,Africa
Antrodemus,Jurassic,carnivore,North America,안트로데무스,North America
Anzu,Cretaceous,omnivore,North America,안주,North America
Aoniraptor,Cretaceous,carnivore,South America,아오니랩터,South America
Aorun,Jurassic,carnivore,China,아오룬,Asia
Apatodon,Jurassic,carnivore,North America,아파토돈,North America
Apatosaurus,Jurassic,herbivore,North America,아파토사우르스,North America
Appalachiosaurus,Cretaceous,carnivore,North America,애팔래치오사우르스,North America
Aquilarhinus,Cretaceous,herbivore,North America,아퀼라리노스,North America
Aragosaurus,Cretaceous,herbivore,Spain,아라고사우르스,Europe
Aralosaurus,Cretaceous,herbivore,Kazakhstan,아라로사우르스,Asia
Archaeoceratops,Cretaceous,herbivore,China,아키오세라톱스,Asia
Archaeodontosaurus,Jurassic,herbivore,Madagascar,아키오돈토사우르스,Africa
Archaeopteryx,Jurassic,carnivore,Germany,아키오프테릭스,Europe
Archaeornithoides,Cretaceous,carnivore,Mongolia,아키오니토이데스,Asia
Archaeornithomimus,Cretaceous,omnivore,China,아키오니토미무스,Asia
Arcovenator,Cretaceous,carnivore,France,아르코베나토르,Europe
Arcusaurus,Jurassic,herbivore,South Africa,아르쿠사우르스,Africa
Arenysaurus,Cretaceous,herbivore,Spain,아레니사우르스,Europe
Argentinosaurus,Cretaceous,herbivore,South America,아르헨티노사우르스,South America
Argyrosaurus,Cretaceous,herbivore,South America,아르기로사우르스,South America
Aristosuchus,Cretaceous,carnivore,England,아리스토수쿠스,Europe
Arkansaurus,Cretaceous,omnivore,North America,아칸사우르스,North America
Arkharavia,Cretaceous,herbivore,Russia,아르크하라비아,Asia
Arrhinoceratops,Cretaceous,herbivore,North America,아리노세라톱스,North America
Arstanosaurus,Cretaceous,herbivore,Kazakhstan,아르스타노사우르스,Asia
Asiaceratops,Cretaceous,herbivore,Mongolia,아시아세라톱스,Asia
Asiatosaurus,Cretaceous,herbivore,China,아시아토사우르스,Asia
Astrodon,Cretaceous,herbivore,North America,아스트로돈,North America
Astrophocaudia,Cretaceous,herbivore,North America,아스트로포코디아,North America
Asylosaurus,Triassic,herbivore,England,아실로사우르스,Europe
Atacamatitan,Cretaceous,herbivore,South America,아타카마티탄,South America
Atlantosaurus,Jurassic,herbivore,North America,아틀란토사우르스,North America
Atlasaurus,Jurassic,herbivore,Morocco,아틀라사우르스,Africa
Atlascopcosaurus,Cretaceous,herbivore,Australia,아틀라스코프코사우르스,Australia
Atrociraptor,Cretaceous,carnivore,North America,아트로시랩터,North America
Atsinganosaurus,Cretaceous,herbivore,France,아파치사우르스,Europe
Aublysodon,Cretaceous,carnivore,North America,아우블리소돈,North America
Aucasaurus,Cretaceous,carnivore,South America,아우카사우르스,South America
Augustynolophus,Cretaceous,herbivore,North America,아우구스티노로포스,North America
Auroraceratops,Cretaceous,herbivore,China,아우로라세라톱스,Asia
Aurornis,Jurassic,carnivore,China,아우로르니스,Asia
Australodocus,Jurassic,herbivore,Tanzania,오스트랄로도쿠스,Africa
Australovenator,Cretaceous,carnivore,Australia,오스트랄로베나토르,Australia
Austrocheirus,Cretaceous,carnivore,South America,아우스트로케이러스,South America
Austroraptor,Cretaceous,carnivore,South America,아우스트로랩터,South America
Austrosaurus,Cretaceous,herbivore,Australia,아우스트로사우르스,Australia
Avaceratops,Cretaceous,herbivore,North America,아바세라톱스,North America
Aviatyrannis,Jurassic,carnivore,Portugal,아비아티란니스,Europe
Avimimus,Cretaceous,omnivore,Mongolia,아비미무스,Asia
Bactrosaurus,Cretaceous,herbivore,China,박트로사우르스,Asia
Bagaceratops,Cretaceous,herbivore,Mongolia,바가세라톱스,Asia
Bagaraatan,Cretaceous,carnivore,Mongolia,바가라탄,Asia
Bahariasaurus,Cretaceous,carnivore,Egypt,바하리아사우르스,Africa
Bainoceratops,Cretaceous,herbivore,Mongolia,바이노세라톱스,Asia
Bajadasaurus,Cretaceous,herbivore,South America,바하다사우르스,South America
Bakesaurus,Cretaceous,unknown,China,베이크사우르스,Asia
Balaur,Cretaceous,herbivore,Romania,발라우르,Europe
Balochisaurus,Cretaceous,herbivore,Pakistan,발로치사우르스,Asia
Bambiraptor,Cretaceous,carnivore,North America,밤비랩터,North America
Banji,Cretaceous,omnivore,China,반지,Asia
Baotianmansaurus,Cretaceous,herbivore,China,바오티안만사우르스,Asia
Barapasaurus,Jurassic,herbivore,India,바라파사우르스,Asia
Barilium,Cretaceous,herbivore,England,바릴리움,Europe
Barosaurus,Jurassic,herbivore,North America,바로사우르스,North America
Barrosasaurus,Cretaceous,herbivore,South America,바로사사우르스,South America
Barsboldia,Cretaceous,herbivore,Mongolia,바르스볼디아,Asia
Baryonyx,Cretaceous,carnivore,Spain,바리온익스,Europe
Batyrosaurus,Cretaceous,herbivore,Kazakhstan,바티로사우르스,Asia
Baurutitan,Cretaceous,herbivore,South America,바우루티탄,South America
Bayosaurus,Cretaceous,carnivore,South America,바요사우르스,South America
Beelemodon,Jurassic,carnivore,North America,비룰모돈,North America
Beipiaosaurus,Cretaceous,herbivore,China,베이피아오사우르스,Asia
Beishanlong,Cretaceous,omnivore,China,베이산룽,Asia
Bellusaurus,Jurassic,herbivore,China,벨루사우르스,Asia
Berberosaurus,Jurassic,carnivore,Morocco,베르베로사우르스,Africa
Betasuchus,Cretaceous,carnivore,etc,베타수쿠스,etc
Bicentenaria,Cretaceous,carnivore,South America,비센테나리아,South America
Bienosaurus,Jurassic,herbivore,China,비노사우르스,Asia
Bihariosaurus,Cretaceous,herbivore,Romania,비하리오사우르스,Europe
Bissektipelta,Cretaceous,herbivore,Uzbekistan,비세티펠타,Asia
Bistahieversor,Cretaceous,carnivore,North America,비스타히에버소르,North America
Blasisaurus,Cretaceous,herbivore,Spain,블라시사우르스,Europe
Blikanasaurus,Triassic,herbivore,South Africa,블리카나사우르스,Africa
Bolong,Cretaceous,herbivore,China,볼롱,Asia
Bonapartenykus,Cretaceous,carnivore,South America,보나파르테니쿠스,South America
Bonatitan,Cretaceous,herbivore,South America,보나타이탄,South America
Bonitasaura,Cretaceous,herbivore,South America,보니타사우라,South America
Borealosaurus,Cretaceous,herbivore,China,보레알로사우르스,Asia
Borogovia,Cretaceous,carnivore,Mongolia,보로고비아,Asia
Bothriospondylus,Jurassic,herbivore,England,보트리오스폰디루스,Europe
Brachiosaurus,Jurassic,herbivore,North America,브라키오사우르스,North America
Brachyceratops,Cretaceous,herbivore,North America,브라키세라톱스,North America
Brachylophosaurus,Cretaceous,herbivore,North America,브라키로포사우르스,North America
Brachypodosaurus,Cretaceous,herbivore,India,브라키포도사우르스,Asia
Brachytrachelopan,Jurassic,herbivore,South America,브라키티라켈로판,South America
Bradycneme,Cretaceous,carnivore,Romania,브라디크네메,Europe
Brasilotitan,Cretaceous,herbivore,South America,브라질로타이탄,South America
Bravoceratops,Cretaceous,herbivore,North America,브라보세라톱스,North America
Breviceratops,Cretaceous,herbivore,Mongolia,브레비세라톱스,Asia
Brohisaurus,Jurassic,herbivore,Pakistan,브로히사우르스,Asia
Brontomerus,Cretaceous,herbivore,North America,브론토메루스,North America
Brontosaurus,Jurassic,herbivore,North America,브론토사우르스,North America
Bruhathkayosaurus,Cretaceous,herbivore,India,브루하트카요사우르스,Asia
Buitreraptor,Cretaceous,carnivore,South America,부이트렙터랩터,South America
Burianosaurus,Cretaceous,herbivore,etc,부리아노사우르스,etc
Byronosaurus,Cretaceous,carnivore,Mongolia,바이로사우르스,Asia
Caenagnathasia,Cretaceous,omnivore,Uzbekistan,케나그나타시아,Asia
Calamosaurus,Cretaceous,carnivore,England,칼라모사우르스,Europe
Calamospondylus,Cretaceous,carnivore,England,칼라모스폰디루스,Europe
Callovosaurus,Jurassic,herbivore,England,칼로보사우르스,Europe
Camarasaurus,Jurassic,herbivore,North America,카마라사우르스,North America
Camarillasaurus,Cretaceous,carnivore,Spain,카마릴라사우르스,Europe
Camelotia,Triassic,herbivore,England,카멜로티아,Europe
Camposaurus,Triassic,carnivore,North America,캄포사우르스,North America
Camptosaurus,Jurassic,herbivore,North America,캄프토사우르스,North America
Campylodoniscus,Cretaceous,herbivore,South America,캄플리도니스쿠스,South America
Canardia,Cretaceous,herbivore,France,카나디아,Europe
Capitalsaurus,Cretaceous,carnivore,North America,캐피탈사우르스,North America
Carcharodontosaurus,Cretaceous,carnivore,Egypt,카르카로돈토사우르스,Africa
Cardiodon,Jurassic,herbivore,England,카디오돈,Europe
Carnotaurus,Cretaceous,carnivore,South America,카르노타우르스,South America
Caseosaurus,Triassic,carnivore,North America,카세오사우르스,North America
Cathartesaura,Cretaceous,herbivore,South America,카타르테사우라,South America
Cathetosaurus,Jurassic,herbivore,North America,카테토사우르스,North America
Caudipteryx,Cretaceous,omnivore,China,카우디테릭스,Asia
Cedarosaurus,Cretaceous,herbivore,North America,세다로사우르스,North America
Cedarpelta,Cretaceous,herbivore,North America,세다펠타,North America
Cedrorestes,Cretaceous,herbivore,North America,세드로레스테스,North America
Centrosaurus,Cretaceous,herbivore,North America,센트로사우르스,North America
Cerasinops,Cretaceous,herbivore,North America,세라시노프스,North America
Ceratonykus,Cretaceous,omnivore,Mongolia,세라토니쿠스,Asia
Ceratops,Cretaceous,herbivore,North America,세라톱스,North America
Ceratosaurus,Jurassic,carnivore,North America,세라토사우르스,North America
Ceratosaurus,Jurassic,carnivore,Portugal,세라토사우르스,Europe
Cetiosauriscus,Jurassic,herbivore,England,세티오사우리스쿠스,Europe
Cetiosaurus,Jurassic,herbivore,England,세티오사우르스,Europe
Changchunsaurus,Cretaceous,herbivore,China,창춘사우르스,Asia
Changdusaurus,Jurassic,herbivore,China,창두사우르스,Asia
Changyuraptor,Cretaceous,carnivore,China,창유랩터,Asia
Chaoyangsaurus,Jurassic,herbivore,China,차오양사우르스,Asia
Charonosaurus,Cretaceous,herbivore,China,카로노사우르스,Asia
Chasmosaurus,Cretaceous,herbivore,North America,카스모사우르스,North America
Chebsaurus,Jurassic,herbivore,etc,체브사우르스,etc
Chenanisaurus,Cretaceous,carnivore,Morocco,체나니사우르스,Africa
Chialingosaurus,Jurassic,herbivore,China,치알링사우르스,Asia
Chiayusaurus,Jurassic,herbivore,China,치아유사우르스,Asia
Chilantaisaurus,Cretaceous,carnivore,China,칠란타이사우르스,Asia
Chilesaurus,Jurassic,herbivore,South America,칠레사우르스,South America
Chindesaurus,Triassic,carnivore,North America,친데사우르스,North America
Chingkankousaurus,Cretaceous,carnivore,China,칭칸코사우르스,Asia
Chinshakiangosaurus,Jurassic,herbivore,China,친샤키앙고사우르스,Asia
Chirostenotes,Cretaceous,carnivore,North America,키로스테노테스,North America
Chondrosteosaurus,Cretaceous,herbivore,England,콘드로스테오사우르스,Europe
Choyrodon,Cretaceous,herbivore,Mongolia,초이로돈,Asia
Chromogisaurus,Triassic,unknown,South America,크로모지사우르스,South America
Chuandongocoelurus,Jurassic,carnivore,China,췌안동오쿠로루스,Asia
Chuanjiesaurus,Jurassic,herbivore,China,췌안지사우르스,Asia
Chuanqilong,Cretaceous,herbivore,China,췌안치롱,Asia
Chubutisaurus,Cretaceous,herbivore,South America,추부티사우르스,South America
Chungkingosaurus,Jurassic,herbivore,China,충칭사우르스,Asia
Chuxiongosaurus,Jurassic,herbivore,China,추시온고사우르스,Asia
Cionodon,Cretaceous,herbivore,North America,시오노돈,North America
Citipati,Cretaceous,omnivore,Mongolia,치티파티,Asia
Claorhynchus,Cretaceous,herbivore,North America,클라오린쿠스,North America
Claosaurus,Cretaceous,herbivore,North America,클라오사우르스,North America
Clasmodosaurus,Cretaceous,herbivore,South America,클라스모도사우르스,South America
Coahuilaceratops,Cretaceous,herbivore,North America,코아휠라세라톱스,North America
Coelophysis,Triassic,carnivore,North America,코엘로피시스,North America
Coelophysis,Jurassic,carnivore,North America,코엘로피시스,North America
Coelosaurus,Cretaceous,carnivore,North America,코엘로사우르스,North America
Coeluroides,Cretaceous,carnivore,India,코엘루로이데스,Asia
Coelurus,Jurassic,carnivore,North America,코엘루루스,North America
Colepiocephale,Cretaceous,herbivore,North America,콜레피오세팔레,North America
Coloradisaurus,Triassic,herbivore,South America,콜로라디사우르스,South America
Comahuesaurus,Cretaceous,herbivore,South America,코마우사우르스,South America
Comanchesaurus,Triassic,carnivore,North America,콤만체사우르스,North America
Compsognathus,Jurassic,carnivore,Germany,콤프소그나투스,Europe
Compsosuchus,Cretaceous,carnivore,India,콤프소수쿠스,Asia
Concavenator,Cretaceous,carnivore,Spain,콘카베나토르,Europe
Conchoraptor,Cretaceous,omnivore,Mongolia,콘코랩토르,Asia
Condorraptor,Jurassic,carnivore,South America,콘도라랩토르,South America
Coronosaurus,Cretaceous,herbivore,North America,코로노사우르스,North America
Corythosaurus,Cretaceous,herbivore,North America,코리토사우르스,North America
Craspedodon,Cretaceous,herbivore,etc,크라스페도노,etc
Craterosaurus,Cretaceous,herbivore,England,크라테로사우르스,Europe
Crichtonpelta,Cretaceous,herbivore,China,크라이튼펠타,Asia
Crichtonsaurus,Cretaceous,herbivore,China,크라이튼사우르스,Asia
Cristatusaurus,Cretaceous,carnivore,Niger,크리스타투사우르스,Africa
Cruxicheiros,Jurassic,carnivore,England,크룩시케이로스,Europe
Cryolophosaurus,Jurassic,carnivore,Antarctica,크라이올로포사우르스,Antarctica
Cryptosaurus,Jurassic,herbivore,England,크립토사우르스,Europe
Cumnoria,Jurassic,herbivore,England,쿠모리아,Europe
Daanosaurus,Jurassic,herbivore,China,다아노사우르스,Asia
Dacentrurus,Jurassic,herbivore,England,다센트루루스,Europe
Dachongosaurus,Jurassic,herbivore,China,다추웅고사우르스,Asia
Daemonosaurus,Triassic,carnivore,North America,데모노사우르스,North America
Dahalokely,Cretaceous,carnivore,Madagascar,다할로켈리,Africa
Dakotadon,Cretaceous,herbivore,North America,다코타돈,North America
Dakotaraptor,Cretaceous,carnivore,North America,다코타랩토르,North America
Damalasaurus,Jurassic,herbivore,China,다말라사우르스,Asia
Dandakosaurus,Jurassic,carnivore,India,단다코사우르스,Asia
Darwinsaurus,Cretaceous,herbivore,England,다윈사우르스,Europe
Dashanpusaurus,Jurassic,herbivore,China,다산푸사우르스,Asia
Daspletosaurus,Cretaceous,carnivore,North America,다스플레토사우르스,North America
Datanglong,Cretaceous,carnivore,China,다탕롱,Asia
Datousaurus,Jurassic,herbivore,China,다토사우르스,Asia
Daxiatitan,Cretaceous,herbivore,China,다시아티탄,Asia
Deinocheirus,Cretaceous,omnivore,Mongolia,데이노케이러스,Asia
Deinodon,Cretaceous,carnivore,North America,데이노돈,North America
Deinonychus,Cretaceous,carnivore,South Korea,데이노니쿠스,Asia
Deinonychus,Cretaceous,carnivore,North America,데이노니쿠스,North America
Delapparentia,Cretaceous,herbivore,Spain,델아파렌티아,Europe
Deltadromeus,Cretaceous,carnivore,Morocco,델타드로메우스,Africa
Demandasaurus,Cretaceous,herbivore,Spain,데만다사우르스,Europe
Diabloceratops,Cretaceous,herbivore,North America,디아블로세라톱스,North America
Diamantinasaurus,Cretaceous,herbivore,Australia,디아만티나사우르스,Australia
Diclonius,Cretaceous,herbivore,North America,디클로니우스,North America
Dicraeosaurus,Jurassic,herbivore,Tanzania,디크라에오사우루스,Africa
Dilong,Cretaceous,carnivore,China,디롱,Asia
Dilophosaurus,Jurassic,carnivore,North America,디로포사우루스,North America
Diluvicursor,Cretaceous,herbivore,Australia,디루비커서,Australia
Dinheirosaurus,Jurassic,herbivore,Portugal,딘헤이로사우루스,Europe
Dinodocus,Cretaceous,herbivore,England,디노도쿠스,Europe
Diplodocus,Jurassic,herbivore,North America,디플로도쿠스,North America
Diplotomodon,Cretaceous,carnivore,North America,디플로토모돈,North America
Dolichosuchus,Triassic,carnivore,Germany,돌리코수쿠스,Europe
Dongbeititan,Cretaceous,herbivore,China,동바이타이탄,Asia
Dongyangopelta,Cretaceous,herbivore,China,동양고펠타,Asia
Dongyangosaurus,Cretaceous,herbivore,China,동양고사우루스,Asia
Draconyx,Jurassic,herbivore,Portugal,드라코닉스,Europe
Dracopelta,Jurassic,herbivore,Portugal,드라코펠타,Europe
Dracoraptor,Jurassic,carnivore,England,드라코랩토르,Europe
Dracorex,Cretaceous,herbivore,North America,드라코렉스,North America
Dracovenator,Jurassic,carnivore,South Africa,드라코베나토르,Africa
Dreadnoughtus,Cretaceous,herbivore,South America,드레드노우타우스,South America
Drinker,Jurassic,herbivore,North America,드링커,North America
Dromaeosauroides,Cretaceous,carnivore,etc,드로마이오사우로이데스,etc
Dromaeosaurus,Cretaceous,carnivore,North America,드로마이오사우루스,North America
Dromiceiomimus,Cretaceous,omnivore,North America,드로미케이오미무스,North America
Drusilasaura,Cretaceous,herbivore,South America,드루실라사우라,South America
Dryosaurus,Jurassic,herbivore,North America,드리오사우루스,North America
Dryosaurus,Jurassic,herbivore,Portugal,드리오사우루스,Europe
Dryptosauroides,Cretaceous,carnivore,India,드립토사우로이데스,Asia
Dryptosaurus,Cretaceous,carnivore,North America,드립토사우루스,North America
Dubreuillosaurus,Jurassic,carnivore,France,두브르의사우루스,Europe
Duriatitan,Jurassic,herbivore,England,두리아타이탄,Europe
Duriavenator,Jurassic,carnivore,England,두리아베나토르,Europe
Dynamoterror,Cretaceous,carnivore,North America,다이나모테러,North America
Dyoplosaurus,Cretaceous,herbivore,North America,다이오플로사우루스,North America
Dysalotosaurus,Jurassic,herbivore,Tanzania,디사로토사우루스,Africa
Dysganus,Cretaceous,herbivore,North America,디스가누스,North America
Dyslocosaurus,Jurassic,herbivore,North America,디스로코사우루스,North America
Dystrophaeus,Jurassic,herbivore,North America,디스트로포에우스,North America
Echinodon,Cretaceous,omnivore,England,에키노돈,Europe
Edmontonia,Cretaceous,herbivore,North America,에드몬토니아,North America
Edmontosaurus,Cretaceous,herbivore,North America,에드몬토사우루스,North America
Efraasia,Triassic,herbivore,Germany,에프라아시아,Europe
Einiosaurus,Cretaceous,herbivore,North America,에이니오사우루스,North America
Ekrixinatosaurus,Cretaceous,carnivore,South America,에크릭시나토사우루스,South America
Elaltitan,Cretaceous,herbivore,South America,엘알타이탄,South America
Elaphrosaurus,Jurassic,carnivore,Tanzania,엘라프로사우루스,Africa
Elmisaurus,Cretaceous,carnivore,Mongolia,엘미사우루스,Asia
Elopteryx,Cretaceous,carnivore,Romania,엘옵테릭스,Europe
Elrhazosaurus,Cretaceous,herbivore,Niger,엘라자사우루스,Africa
Emausaurus,Jurassic,herbivore,Germany,에마우사우루스,Europe
Enigmosaurus,Cretaceous,herbivore,Mongolia,에니그모사우루스,Asia
Eoabelisaurus,Jurassic,carnivore,South America,어아벨리사우루스,South America
Eocarcharia,Cretaceous,carnivore,Niger,어카르카리아,Africa
Eocursor,Jurassic,herbivore,South Africa,어쿠서어,Africa
Eodromaeus,Triassic,carnivore,South America,어드로메우스,South America
Eolambia,Cretaceous,herbivore,North America,어람비아,North America
Eomamenchisaurus,Jurassic,herbivore,China,어마멘키사우루스,Asia
Eoraptor,Triassic,omnivore,South America,어라토프토르,South America
Eosinopteryx,Jurassic,carnivore,China,어시노프테릭스,Asia
Eotrachodon,Cretaceous,herbivore,North America,어트라코돈,North America
Eotriceratops,Cretaceous,herbivore,North America,어트리케라톱스,North America
Eotyrannus,Cretaceous,carnivore,England,어티라누스,Europe
Eousdryosaurus,Jurassic,herbivore,Portugal,어우스드리오사우루스,Europe
Epachthosaurus,Cretaceous,herbivore,South America,에파크토사우루스,South America
Epanterias,Jurassic,carnivore,North America,에판테리아스,North America
Epichirostenotes,Cretaceous,carnivore,North America,에피키로스테노테스,North America
Epidendrosaurus,Jurassic,carnivore,China,에피덴드로사우루스,Asia
Epidexipteryx,Jurassic,carnivore,China,에피덱시프테릭스,Asia
Equijubus,Cretaceous,herbivore,China,에퀴주부스,Asia
Erectopus,Cretaceous,carnivore,France,에렉토푸스,Europe
Erketu,Cretaceous,herbivore,Mongolia,에르케투,Asia
Erliansaurus,Cretaceous,herbivore,China,에르리아사우루스,Asia
Erlikosaurus,Cretaceous,herbivore,Mongolia,에를리코사우루스,Asia
Eshanosaurus,Jurassic,herbivore,China,에샤노사우루스,Asia
Eucamerotus,Cretaceous,herbivore,England,유카메로투스,Europe
Eucercosaurus,Cretaceous,herbivore,England,유케르코사우루스,Europe
Eucnemesaurus,Triassic,herbivore,South Africa,유크네메사우루스,Africa
Eugongbusaurus,Jurassic,herbivore,China,유공부사우루스,Asia
Euhelopus,Cretaceous,herbivore,China,유헬로푸스,Asia
Euoplocephalus,Cretaceous,herbivore,North America,유오플로세팔루스,North America
Euronychodon,Cretaceous,carnivore,Portugal,유로니코돈,Europe
Europasaurus,Jurassic,herbivore,Germany,유로파사우루스,Europe
Europatitan,Cretaceous,herbivore,Spain,유로파티탄,Europe
Europelta,Cretaceous,herbivore,Spain,유로펠타,Europe
Euskelosaurus,Triassic,herbivore,South Africa,유스케로사우루스,Africa
Eustreptospondylus,Jurassic,carnivore,England,유스트렙토스폰디루스,Europe
Fabrosaurus,Jurassic,herbivore,etc,파브로사우루스,etc
Falcarius,Cretaceous,herbivore,North America,팔카리우스,North America
Ferganasaurus,Jurassic,herbivore,etc,페르가나사우루스,etc
Ferganocephale,Jurassic,herbivore,etc,페르가노세팔레,etc
Ferrisaurus,Cretaceous,herbivore,North America,페리사우루스,North America
Fostoria,Cretaceous,herbivore,Australia,포스토리아,Australia
Fruitadens,Jurassic,omnivore,North America,프루이타덴스,North America
Fukuiraptor,Cretaceous,carnivore,Japan,후쿠이라토르,Asia
Fukuisaurus,Cretaceous,herbivore,Japan,후쿠이사우루스,Asia
Fukuititan,Cretaceous,herbivore,Japan,후쿠이타이탄,Asia
Fukuivenator,Cretaceous,unknown,Japan,후쿠이베나토르,Asia
Fulengia,Jurassic,herbivore,China,풀렌기아,Asia
Fulgurotherium,Cretaceous,herbivore,Australia,풀구로데리움,Australia
Fushanosaurus,Jurassic,herbivore,China,후샤노사우루스,Asia
Fusuisaurus,Cretaceous,herbivore,China,후스이사우루스,Asia
Futabasaurus,Cretaceous,carnivore,Japan,후타바사우루스,Asia
Futalognkosaurus,Cretaceous,herbivore,South America,푸탈로그코사우루스,South America
Gadolosaurus,Cretaceous,herbivore,Mongolia,가돌로사우루스,Asia
Galeamopus,Jurassic,herbivore,North America,갈레아모푸스,North America
Galleonosaurus,Cretaceous,herbivore,Australia,갈레오노사우루스,Australia
Gallimimus,Cretaceous,omnivore,Mongolia,갈리미무스,Asia
Galvesaurus,Jurassic,herbivore,Spain,갈베사우루스,Europe
Gannansaurus,Cretaceous,herbivore,China,간난사우루스,Asia
Ganzhousaurus,Cretaceous,omnivore,China,간주사우루스,Asia
Gargoyleosaurus,Jurassic,herbivore,North America,가고일리오사우루스,North America
Garudimimus,Cretaceous,omnivore,Mongolia,가루디미무스,Asia
Gasosaurus,Jurassic,carnivore,China,가소사우루스,Asia
Gasparinisaura,Cretaceous,herbivore,South America,가스파리니사우라,South America
Gastonia,Cretaceous,herbivore,North America,가스토니아,North America
Geminiraptor,Cretaceous,carnivore,North America,게미니랩토르,North America
Genusaurus,Cretaceous,carnivore,France,게누사우루스,Europe
Genyodectes,Cretaceous,carnivore,South America,게니오데크테스,South America
Geranosaurus,Jurassic,herbivore,South Africa,게라노사우루스,Africa
Gideonmantellia,Cretaceous,herbivore,Spain,기드온만텔리아,Europe
Giganotosaurus,Cretaceous,carnivore,South America,기가노토사우루스,South America
Gigantoraptor,Cretaceous,omnivore,China,기간토라토푸스,Asia
Gigantosaurus,Cretaceous,herbivore,England,기간토사우루스,Europe
Gigantspinosaurus,Jurassic,herbivore,China,기간토스피노사우루스,Asia
Gilmoreosaurus,Cretaceous,herbivore,Mongolia,길모리오사우루스,Asia
Giraffatitan,Jurassic,herbivore,Tanzania,기라파티탄,Africa
Glacialisaurus,Jurassic,herbivore,Antarctica,글라시아리사우루스,Antarctica
Glishades,Cretaceous,herbivore,North America,글리샤데스,North America
Glyptodontopelta,Cretaceous,herbivore,North America,글립토돈토펠타,North America
Gnathovorax,Triassic,carnivore,South America,그나토보랙스,South America
Gobiceratops,Cretaceous,herbivore,Mongolia,고비케라톱스,Asia
Gobiraptor,Cretaceous,omnivore,Mongolia,고비랩토르,Asia
Gobisaurus,Cretaceous,herbivore,China,고비사우루스,Asia
Gobititan,Cretaceous,herbivore,Mongolia,고비타이탄,Asia
Gobivenator,Cretaceous,carnivore,Mongolia,고비베나토르,Asia
Gojirasaurus,Triassic,carnivore,North America,고지라사우루스,North America
Gondwanatitan,Cretaceous,herbivore,South America,곤드와나타이탄,South America
Gongbusaurus,Jurassic,herbivore,China,공부사우루스,Asia
Gongpoquansaurus,Cretaceous,herbivore,China,공포쿠안사우루스,Asia
Gongxianosaurus,Jurassic,herbivore,China,공시안사우루스,Asia
Gorgosaurus,Cretaceous,carnivore,North America,고르고사우루스,North America
Goyocephale,Cretaceous,herbivore,Mongolia,고요세팔레,Asia
Graciliceratops,Cretaceous,herbivore,Mongolia,그라실리케라톱스,Asia
Graciliraptor,Cretaceous,carnivore,China,그라실랩토르,Asia
Gravitholus,Cretaceous,herbivore,North America,그라비톨루스,North America
Gryphoceratops,Cretaceous,herbivore,North America,그리포케라톱스,North America
Gryposaurus,Cretaceous,herbivore,North America,그리포사우루스,North America
Gspsaurus,Cretaceous,herbivore,Pakistan,지스프사우루스,Asia
Guaibasaurus,Triassic,carnivore,South America,괴아이바사우루스,South America
Gualicho,Cretaceous,carnivore,South America,꽈리초,South America
Guanlong,Jurassic,carnivore,China,꽌안룽,Asia
Gyposaurus,Jurassic,herbivore,South Africa,기포사우루스,Africa
Gyposaurus,Jurassic,herbivore,South Africa,기포사우루스,Africa
Hadrosaurus,Cretaceous,herbivore,North America,하드로사우루스,North America
Hagryphus,Cretaceous,carnivore,North America,하그리푸스,North America
Halticosaurus,Triassic,carnivore,Germany,할티코사우루스,Europe
Hanssuesia,Cretaceous,herbivore,North America,한수에시아,North America
Hanwulosaurus,Cretaceous,herbivore,China,한우로사우루스,Asia
Haplocanthosaurus,Jurassic,herbivore,North America,하프로칸토사우루스,North America
Haplocheirus,Jurassic,carnivore,China,하플로케이러스,Asia
Harpymimus,Cretaceous,herbivore,Mongolia,하르피미무스,Asia
Haya,Cretaceous,herbivore,Mongolia,하야,Asia
Heilongjiangosaurus,Cretaceous,herbivore,China,헤이룽강사우루스,Asia
Heishansaurus,Cretaceous,herbivore,China,헤이산사우루스,Asia
Helioceratops,Cretaceous,herbivore,China,헬리오세라톱스,Asia
Heptasteornis,Cretaceous,carnivore,Romania,헵타스테오르니스,Europe
Herrerasaurus,Triassic,carnivore,South America,헤레라사우루스,South America
Hesperonychus,Cretaceous,carnivore,North America,헤스페로니쿠스,North America
Hesperosaurus,Jurassic,herbivore,North America,헤스페로사우루스,North America
Heterodontosaurus,Jurassic,omnivore,South Africa,헤테로돈토사우루스,Africa
Hexing,Cretaceous,herbivore,China,허싱,Asia
Hexinlusaurus,Jurassic,herbivore,China,헝신루사우루스,Asia
Heyuannia,Cretaceous,carnivore,China,헤유안니아,Asia
Hippodraco,Cretaceous,herbivore,North America,히포드라코,North America
Histriasaurus,Cretaceous,herbivore,etc,히스트리아사우루스,etc
Homalocephale,Cretaceous,herbivore,Mongolia,호말로세팔레,Asia
Hoplitosaurus,Cretaceous,herbivore,North America,호플리토사우루스,North America
Horshamosaurus,Cretaceous,herbivore,England,호르샴사우루스,Europe
Huabeisaurus,Cretaceous,herbivore,China,화베이사우루스,Asia
Huanghetitan,Cretaceous,herbivore,China,황허타이탄,Asia
Huaxiagnathus,Cretaceous,carnivore,China,화시아그나투스,Asia
Huayangosaurus,Jurassic,herbivore,China,화양사우루스,Asia
Hudiesaurus,Jurassic,herbivore,China,후디사우루스,Asia
Huehuecanauhtlus,Cretaceous,herbivore,North America,휘휘카나우틸루스,North America
Hulsanpes,Cretaceous,carnivore,Mongolia,훌산페스,Asia
Hungarosaurus,Cretaceous,herbivore,etc,훈가로사우루스,etc
Huxleysaurus,Cretaceous,herbivore,England,헉슬리사우루스,Europe
Hylaeosaurus,Cretaceous,herbivore,England,힐라이오사우루스,Europe
Hypacrosaurus,Cretaceous,herbivore,North America,하이파크로사우루스,North America
Hypselosaurus,Cretaceous,herbivore,France,힙셀로사우루스,Europe
Hypselospinus,Cretaceous,herbivore,England,힙셀로스피노스,Europe
Hypsibema,Cretaceous,herbivore,North America,힙시베마,North America
Hypsilophodon,Cretaceous,herbivore,England,힙실로포돈,Europe
Ichthyovenator,Cretaceous,carnivore,etc,이크티오베나토르,etc
Ignavusaurus,Jurassic,herbivore,etc,이그나부사우루스,etc
Iguanacolossus,Cretaceous,herbivore,North America,이구아나콜로서스,North America
Iguanodon,Cretaceous,herbivore,England,이구아노돈,Europe
Iliosuchus,Cretaceous,carnivore,England,일리오수쿠스,Europe
Ilokelesia,Cretaceous,carnivore,South America,일로케레시아,South America
Imperobator,Cretaceous,carnivore,Antarctica,임페로베이터,Antarctica
Incisivosaurus,Cretaceous,herbivore,China,인시시보사우루스,Asia
Indosaurus,Cretaceous,carnivore,India,인도사우루스,Asia
Indosuchus,Cretaceous,carnivore,India,인도수쿠스,Asia
Inosaurus,Cretaceous,carnivore,Egypt,이노사우루스,Africa
Irritator,Cretaceous,carnivore,South America,이리테이터,South America
Isaberrysaura,Jurassic,herbivore,South America,이사베리사우라,South America
Isanosaurus,Triassic,herbivore,Thail,이사노사우루스,Asia
Ischyrosaurus,Jurassic,herbivore,England,이스키로사우루스,Europe
Isisaurus,Cretaceous,herbivore,India,이시사우루스,Asia
Itapeuasaurus,Cretaceous,herbivore,South America,이타프루사우루스,South America
Itemirus,Cretaceous,carnivore,Uzbekistan,이테미루스,Asia
Iuticosaurus,Cretaceous,herbivore,England,이우티코사우루스,Europe
Jainosaurus,Cretaceous,herbivore,India,자이노사우루스,Asia
Jaklapallisaurus,Triassic,herbivore,India,작랍라리사우루스,Asia
Janenschia,Jurassic,herbivore,Tanzania,야넨시아,Africa
Jaxartosaurus,Cretaceous,herbivore,Kazakhstan,자하르토사우루스,Asia
Jeholosaurus,Cretaceous,herbivore,China,제홀로사우루스,Asia
Jeyawati,Cretaceous,herbivore,North America,제야와티,North America
Jianchangosaurus,Cretaceous,herbivore,China,지안창사우루스,Asia
Jiangjunosaurus,Jurassic,herbivore,China,지앙주노사우루스,Asia
Jiangshanosaurus,Cretaceous,herbivore,China,지앙샤노사우루스,Asia
Jiangxisaurus,Cretaceous,omnivore,China,지앙시사우루스,Asia
Jinfengopteryx,Jurassic,omnivore,China,진펑옵테릭스,Asia
Jingshanosaurus,Jurassic,herbivore,China,징샨사우루스,Asia
Jintasaurus,Cretaceous,herbivore,China,진타사우루스,Asia
Jinzhousaurus,Cretaceous,herbivore,China,진저우사우루스,Asia
Jiutaisaurus,Cretaceous,herbivore,China,지우타이사우루스,Asia
Jobaria,Jurassic,herbivore,Niger,조바리아,Africa
Jubbulpuria,Cretaceous,carnivore,India,줍불퓨리아,Asia
Judiceratops,Cretaceous,herbivore,North America,주디케라톱스,North America
Juratyrant,Jurassic,carnivore,England,주라티란트,Europe
Juravenator,Jurassic,carnivore,Germany,유라베나토르,Europe
Kaatedocus,Jurassic,herbivore,North America,카테도쿠스,North America
Kaijiangosaurus,Jurassic,carnivore,China,카이장고사우루스,Asia
Kakuru,Cretaceous,unknown,Australia,카쿠루,Australia
Kamuysaurus,Cretaceous,herbivore,Japan,카무이사우루스,Asia
Kangnasaurus,Cretaceous,herbivore,South Africa,강나사우루스,Africa
Karongasaurus,Cretaceous,herbivore,etc,카롱가사우루스,etc
Katepensaurus,Cretaceous,herbivore,South America,카테펜사우루스,South America
Kayentavenator,Jurassic,carnivore,North America,카옌타베나토르,North America
Kazaklambia,Cretaceous,herbivore,Kazakhstan,카자크람비아,Asia
Kelmayisaurus,Cretaceous,carnivore,China,켈마이사우루스,Asia
Kentrosaurus,Jurassic,herbivore,Tanzania,켄트로사우루스,Africa
Kerberosaurus,Cretaceous,herbivore,Russia,케르베로사우루스,Asia
Khaan,Cretaceous,carnivore,Mongolia,칸,Asia
Khetranisaurus,Cretaceous,herbivore,Pakistan,헤트라니사우루스,Asia
Kileskus,Jurassic,carnivore,Russia,킬레스쿠스,Asia
Kinnareemimus,Cretaceous,omnivore,Thail,킨나리미무스,Asia
Klamelisaurus,Jurassic,herbivore,China,클라멜리사우루스,Asia
Kol,Cretaceous,carnivore,Mongolia,콜,Asia
Koparion,Jurassic,carnivore,North America,코파리온,North America
Koreaceratops,Cretaceous,herbivore,South Korea,코리아케라톱스,Asia
Koreanosaurus,Cretaceous,herbivore,South Korea,코리아노사우루스,Asia
Koreanosaurus,Cretaceous,carnivore,South Korea,코리아노사우루스,Asia
Koshisaurus,Cretaceous,herbivore,Japan,코시사우루스,Asia
Kosmoceratops,Cretaceous,herbivore,North America,코스모케라톱스,North America
Kotasaurus,Jurassic,herbivore,India,코타사우루스,Asia
Kritosaurus,Cretaceous,herbivore,North America,크리토사우루스,North America
Kryptops,Cretaceous,carnivore,Niger,크립톱스,Africa
Kukufeldia,Cretaceous,herbivore,England,쿠쿠펠디아,Europe
Kulceratops,Cretaceous,herbivore,Uzbekistan,쿨케라톱스,Asia
Kulindadromeus,Jurassic,herbivore,Russia,쿨린다드로메우스,Asia
Kunbarrasaurus,Cretaceous,herbivore,Australia,쿤바라사우루스,Australia
Kundurosaurus,Cretaceous,herbivore,Russia,쿤두로사우루스,Asia
Kunmingosaurus,Jurassic,herbivore,China,쿤밍사우루스,Asia
Labocania,Cretaceous,carnivore,North America,라보카니아,North America
Laevisuchus,Cretaceous,carnivore,India,래비수쿠스,Asia
Lajasvenator,Cretaceous,carnivore,South America,라하스베나토르,South America
Lamaceratops,Cretaceous,herbivore,Mongolia,라마케라톱스,Asia
Lambeosaurus,Cretaceous,herbivore,North America,램베오사우루스,North America
Lametasaurus,Cretaceous,carnivore,India,라메타사우루스,Asia
Lamplughsaura,Jurassic,herbivore,India,램플러사우라,Asia
Lancanjiangosaurus,Jurassic,herbivore,China,란차안장오사우루스,Asia
Lanzhousaurus,Cretaceous,herbivore,China,란주사우루스,Asia
Laosaurus,Jurassic,herbivore,North America,라오사우루스,North America
Lapampasaurus,Cretaceous,herbivore,South America,라팜파사우루스,South America
Laplatasaurus,Cretaceous,herbivore,South America,라플라타사우루스,South America
Lapparentosaurus,Jurassic,herbivore,Madagascar,라파란토사우루스,Africa
Laquintasaura,Jurassic,herbivore,South America,라퀸타사우라,South America
Latenivenatrix,Cretaceous,carnivore,North America,라테니베나토릭스,North America
Latirhinus,Cretaceous,herbivore,North America,라티라이누스,North America
Leaellynasaura,Cretaceous,herbivore,Australia,리앨나사우라,Australia
Leinkupal,Cretaceous,herbivore,South America,렝쿠팔,South America
Leonerasaurus,Jurassic,herbivore,South America,레오네라사우루스,South America
Leptoceratops,Cretaceous,herbivore,North America,렙토케라톱스,North America
Leptorhynchos,Cretaceous,omnivore,North America,렙토린코스,North America
Leshansaurus,Jurassic,carnivore,China,르산사우루스,Asia
Lesothosaurus,Jurassic,herbivore,etc,레소토사우루스,etc
Lessemsaurus,Triassic,herbivore,South America,레섬사우루스,South America
Levnesovia,Cretaceous,herbivore,Uzbekistan,레브네소비아,Asia
Lexovisaurus,Jurassic,herbivore,England,렉소비사우루스,Europe
Leyesaurus,Jurassic,herbivore,South America,레예사우루스,South America
Liaoceratops,Cretaceous,herbivore,China,리아오케라톱스,Asia
Liaoningosaurus,Cretaceous,carnivore,China,랴오닝사우루스,Asia
Liassaurus,Jurassic,unknown,England,리아사우루스,Europe
Ligabueino,Cretaceous,carnivore,South America,리가부에이노,South America
Ligabuesaurus,Cretaceous,herbivore,South America,리가부에사우루스,South America
Lihkoelesauus,Triassic,unknown,South Africa,리코엘레사우루스,Africa
Liliensternus,Triassic,carnivore,Germany,릴리엔스테르누스,Europe
Limaysaurus,Cretaceous,herbivore,South America,리메이사우루스,South America
Limusaurus,Jurassic,herbivore,China,리무사우루스,Asia
Lingwulong,Jurassic,herbivore,China,린우롱,Asia
Linhenykus,Cretaceous,carnivore,China,린헤니쿠스,Asia
Linheraptor,Cretaceous,carnivore,China,린헤라프토르,Asia
Linhevenator,Cretaceous,carnivore,China,린헤베나토르,Asia
Lirainosaurus,Cretaceous,herbivore,Spain,리라이노사우루스,Europe
Liubangosaurus,Cretaceous,herbivore,China,리우방고사우루스,Asia
Loncosaurus,Cretaceous,herbivore,South America,롱코사우루스,South America
Lophorhothon,Cretaceous,herbivore,North America,로포로톤,North America
Lophostropheus,Triassic,carnivore,France,로포스트로페우스,Europe
Loricatosaurus,Jurassic,herbivore,England,로리카토사우루스,Europe
Losillasaurus,Jurassic,herbivore,Spain,로실라사우루스,Europe
Lourinhanosaurus,Jurassic,carnivore,Portugal,루린하노사우루스,Europe
Lourinhasaurus,Jurassic,herbivore,Portugal,루린하사우루스,Europe
Luanchuanraptor,Cretaceous,carnivore,China,루안촌랩토르,Asia
Lufengosaurus,Jurassic,herbivore,China,루펑고사우루스,Asia
Luoyanggia,Cretaceous,omnivore,China,루양기아,Asia
Lurdusaurus,Cretaceous,herbivore,Niger,루르두사우루스,Africa
Lusitanosaurus,Jurassic,herbivore,Portugal,루시타노사우루스,Europe
Lusotitan,Jurassic,herbivore,Portugal,루소티탄,Europe
Lycorhinus,Jurassic,omnivore,South Africa,라이코리누스,Africa
Lythronax,Cretaceous,carnivore,North America,리트로낙스,North America
Machairasaurus,Cretaceous,omnivore,China,마카이라사우루스,Asia
Macrogryphosaurus,Cretaceous,herbivore,South America,마크로그리포사우루스,South America
Macrurosaurus,Cretaceous,herbivore,England,마크루로사우루스,Europe
Magnamanus,Cretaceous,herbivore,Spain,마그나마누스,Europe
Magnapaulia,Cretaceous,herbivore,North America,마그나파우리아,North America
Magnirostris,Cretaceous,herbivore,China,마그니로스트리스,Asia
Magnosaurus,Jurassic,carnivore,England,마그노사우루스,Europe
Magulodon,Cretaceous,herbivore,North America,마굴로돈,North America
Magyarosaurus,Cretaceous,herbivore,Romania,마주아로사우루스,Europe
Mahakala,Cretaceous,carnivore,Mongolia,마하칼라,Asia
Maiasaura,Cretaceous,herbivore,North America,마이아사우라,North America
Majungasaurus,Cretaceous,carnivore,Madagascar,마중가사우루스,Africa
Malarguesaurus,Cretaceous,herbivore,South America,말라르게사우루스,South America
Malawisaurus,Cretaceous,herbivore,etc,말라위사우루스,etc
Maleevus,Cretaceous,herbivore,Mongolia,말리에부스,Asia
Mamenchisaurus,Jurassic,herbivore,China,마멘치사우루스,Asia
Mandschurosaurus,Cretaceous,herbivore,China,만주로사우루스,Asia
Manidens,Jurassic,omnivore,South America,마니덴스,South America
Mantellisaurus,Cretaceous,herbivore,etc,만텔리사우루스,etc
Mantellodon,Cretaceous,herbivore,England,만텔로돈,Europe
Mapusaurus,Cretaceous,carnivore,South America,마푸사우루스,South America
Marisaurus,Cretaceous,herbivore,Pakistan,마리사우루스,Asia
Marshosaurus,Jurassic,carnivore,North America,마르쇼사우루스,North America
Martharaptor,Cretaceous,carnivore,North America,마르타랩토르,North America
Masiakasaurus,Cretaceous,carnivore,Madagascar,마시아카사우루스,Africa
Massospondylus,Jurassic,herbivore,South Africa,마소스폰디루스,Africa
Matheronodon,Cretaceous,herbivore,France,마테로노돈,Europe
Maxakalisaurus,Cretaceous,herbivore,South America,마샤크라리사우루스,South America
Medusaceratops,Cretaceous,herbivore,North America,메두사케라톱스,North America
Megacervixosaurus,Cretaceous,herbivore,China,메가케르비크소사우루스,Asia
Megalosaurus,Jurassic,carnivore,England,메갈로사우루스,Europe
Megaraptor,Cretaceous,carnivore,South America,메가랩토르,South America
Mei,Cretaceous,carnivore,China,메이,Asia
Melanorosaurus,Triassic,herbivore,South Africa,멜라노로사우루스,Africa
Mendozasaurus,Cretaceous,herbivore,South America,멘도사우루스,South America
Mercuriceratops,Cretaceous,herbivore,North America,머큐리케라톱스,North America
Merosaurus,Jurassic,carnivore,England,메로사우루스,Europe
Metriacanthosaurus,Jurassic,carnivore,England,메트리아칸토사우루스,Europe
Microcephale,Cretaceous,herbivore,North America,마이크로세팔레,North America
Microceratus,Cretaceous,herbivore,Mongolia,마이크로세라투스,Asia
Microcoelus,Cretaceous,herbivore,South America,마이크로코에루스,South America
Microdontosaurus,unknown,herbivore,China,마이크로돈토사우루스,Asia
Microhadrosaurus,Cretaceous,herbivore,China,마이크로하드로사우루스,Asia
Micropachycephalosaurus,Cretaceous,herbivore,China,마이크로파키세팔로사우루스,Asia
Microraptor,Cretaceous,carnivore,China,마이크로랩토르,Asia
Microvenator,Cretaceous,carnivore,North America,마이크로베나토르,North America
Minmi,Cretaceous,herbivore,Australia,민미,Australia
Minotaurasaurus,Cretaceous,herbivore,Mongolia,미노타우라사우루스,Asia
Miragaia,Jurassic,herbivore,Portugal,미라가이아,Europe
Mirischia,Cretaceous,carnivore,South America,미리스키아,South America
Moabosaurus,Cretaceous,herbivore,North America,모아보사우루스,North America
Mochlodon,Cretaceous,herbivore,etc,모클로돈,etc
Mojoceratops,Cretaceous,herbivore,North America,모조케라톱스,North America
Mongolosaurus,Cretaceous,herbivore,China,몽골로사우루스,Asia
Monkonosaurus,Jurassic,herbivore,China,몽코노사우루스,Asia
Monoclonius,Cretaceous,herbivore,North America,모노클로니우스,North America
Monolophosaurus,Jurassic,carnivore,China,모놀로포사우루스,Asia
Mononykus,Cretaceous,carnivore,Mongolia,모노니쿠스,Asia
Montanoceratops,Cretaceous,herbivore,North America,몬타노케라톱스,North America
Morelladon,Cretaceous,herbivore,Spain,모렐라돈,Europe
Morinosaurus,Cretaceous,herbivore,France,모리노사우루스,Europe
Moros,Cretaceous,carnivore,North America,모로스,North America
Morrosaurus,Cretaceous,herbivore,Antarctica,모로사우루스,Antarctica
Mosaiceratops,Cretaceous,herbivore,China,모사이케라톱스,Asia
Mussaurus,Triassic,herbivore,South America,무사우루스,South America
Muttaburrasaurus,Cretaceous,herbivore,Australia,무타부라사우루스,Australia
Muyelensaurus,Cretaceous,herbivore,South America,무옐렌사우루스,South America
Mymoorapelta,Jurassic,herbivore,North America,마이무라펠타,North America
Naashoibitosaurus,Cretaceous,herbivore,North America,나아쇼이비토사우루스,North America
Nambalia,Triassic,omnivore,India,남발리아,Asia
Nankangia,Cretaceous,omnivore,China,난칭이아,Asia
Nanningosaurus,Cretaceous,herbivore,China,난닝고사우루스,Asia
Nanosaurus,Jurassic,herbivore,North America,나노사우루스,North America
Nanotyrannus,Cretaceous,carnivore,North America,나노티라누스,North America
Nanshiungosaurus,Cretaceous,herbivore,China,난슝고사우루스,Asia
Nanuqsaurus,Cretaceous,carnivore,North America,나눅사우루스,North America
Nanyangosaurus,Cretaceous,herbivore,China,난양고사우루스,Asia
Narambuenatitan,Cretaceous,herbivore,South America,나람부에나타이탄,South America
Nasutoceratops,Cretaceous,herbivore,North America,나수토케라톱스,North America
Nebulasaurus,Jurassic,herbivore,China,네뷸라사우루스,Asia
Nedcolbertia,Cretaceous,carnivore,North America,네드콜버티아,North America
Nedoceratops,Cretaceous,herbivore,North America,네도케라톱스,North America
Neimongosaurus,Cretaceous,herbivore,China,내이몽고사우루스,Asia
Nemegtomaia,Cretaceous,carnivore,Mongolia,네멕토마이아,Asia
Nemegtonykus,Cretaceous,carnivore,Mongolia,네메그토니쿠스,Asia
Nemegtosaurus,Cretaceous,herbivore,Mongolia,네메그토사우루스,Asia
Neosodon,Jurassic,herbivore,France,네오소돈,Europe
Neovenator,Cretaceous,carnivore,England,네오베나토르,Europe
Neuquenraptor,Cretaceous,carnivore,South America,네우켄랩토르,South America
Neuquensaurus,Cretaceous,herbivore,South America,네우쿤사우루스,South America
Newtonsaurus,Triassic,carnivore,England,뉴턴사우루스,Europe
Ngexisaurus,Jurassic,carnivore,China,엔젝시사우루스,Asia
Ngwevu,Jurassic,herbivore,South Africa,응웨부,Africa
Nigersaurus,Cretaceous,herbivore,Niger,니제르사우루스,Africa
Ningyuansaurus,Cretaceous,omnivore,China,닝위안사우루스,Asia
Niobrarasaurus,Cretaceous,herbivore,North America,나이오브라라사우루스,North America
Nipponosaurus,Cretaceous,herbivore,Russia,니혼사우루스,Asia
Noasaurus,Cretaceous,carnivore,South America,노아사우루스,South America
Nodocephalosaurus,Cretaceous,herbivore,North America,노도세팔로사우루스,North America
Nodosaurus,Cretaceous,herbivore,North America,노도사우루스,North America
Nomingia,Cretaceous,carnivore,Mongolia,노밍기아,Asia
Nopcsaspondylus,Cretaceous,herbivore,South America,노프카스폰디루스,South America
Normanniasaurus,Cretaceous,herbivore,France,노르마니아사우루스,Europe
Nothronychus,Cretaceous,herbivore,North America,노트로니쿠스,North America
Notoceratops,Cretaceous,herbivore,South America,노토케라톱스,South America
Notocolossus,Cretaceous,herbivore,South America,노토콜로서스,South America
Notohypsilophodon,Cretaceous,herbivore,South America,노토힙실로포돈,South America
Nqwebasaurus,Cretaceous,omnivore,South Africa,엔크웨바사우루스,Africa
Nurosaurus,Cretaceous,herbivore,China,누로사우루스,Asia
Nuthetes,Cretaceous,carnivore,England,누테테스,Europe
Nyasasaurus,Triassic,carnivore,Tanzania,냐사사우루스,Africa
Ohmdenosaurus,Jurassic,herbivore,Germany,옴데노사우루스,Europe
Ojoceratops,Cretaceous,herbivore,North America,오히세라톱스,North America
Ojoraptorsaurus,Cretaceous,omnivore,North America,오히랩토르사우루스,North America
Olorotitan,Cretaceous,herbivore,Russia,올로로티탄,Asia
Omeisaurus,Jurassic,herbivore,China,오메이사우루스,Asia
Oohkotokia,Cretaceous,herbivore,North America,우코토키아,North America
Opisthocoelicaudia,Cretaceous,herbivore,Mongolia,오피스토코엘리코디아,Asia
Oplosaurus,Cretaceous,herbivore,England,오플로사우루스,Europe
Orcomimus,Cretaceous,omnivore,North America,오크로미무스,North America
Orkoraptor,Cretaceous,carnivore,South America,오크라토프토르,South America
Ornithodesmus,Cretaceous,carnivore,England,오르니토데스무스,Europe
Ornitholestes,Jurassic,carnivore,North America,오르니톨레스테스,North America
Ornithomimoides,Cretaceous,carnivore,India,오르니토미모이데스,Asia
Ornithomimus,Cretaceous,omnivore,North America,오르니토미무스,North America
Ornithopsis,Cretaceous,herbivore,England,오르니토피스,Europe
Orodromeus,Cretaceous,herbivore,North America,오로드로메우스,North America
Orthogoniosaurus,Cretaceous,carnivore,India,오르토고니오사우루스,Asia
Orthomerus,Cretaceous,herbivore,etc,토메루스,etc
Oryctodromeus,Cretaceous,herbivore,North America,오릭토드로메우스,North America
Oshanosaurus,Jurassic,herbivore,China,오샤노사우루스,Asia
Osmakasaurus,Cretaceous,herbivore,North America,오스마카사우루스,North America
Ostafrikasaurus,Jurassic,carnivore,Tanzania,오스타프리카사우루스,Africa
Othnielia,Jurassic,herbivore,North America,오티니리아,North America
Othnielosaurus,Jurassic,herbivore,North America,오티니엘로사우루스,North America
Otogosaurus,Cretaceous,herbivore,China,오토고사우루스,Asia
Ouranosaurus,Cretaceous,herbivore,Niger,우라노사우루스,Africa
Overosaurus,Cretaceous,herbivore,South America,오베로사우루스,South America
Oviraptor,Cretaceous,omnivore,Mongolia,오비랍토르,Asia
Owenodon,Cretaceous,herbivore,England,오웨노돈,Europe
Oxalaia,Cretaceous,carnivore,South America,옥살라이아,South America
Ozraptor,Jurassic,carnivore,Australia,오즈랩토르,Australia
Pachycephalosaurus,Cretaceous,herbivore,North America,파키케팔로사우루스,North America
Pachyrhinosaurus,Cretaceous,herbivore,North America,파키리노사우루스,North America
Pachysuchus,Jurassic,herbivore,China,파키수쿠스,Asia
Padillasaurus,Cretaceous,herbivore,South America,파딜라사우루스,South America
Pakisaurus,Cretaceous,herbivore,Pakistan,파키사우루스,Asia
Palaeopteryx,Jurassic,carnivore,North America,팔레옵테릭스,North America
Palaeoscincus,Cretaceous,herbivore,North America,팔레오스킨쿠스,North America
Paludititan,Cretaceous,herbivore,Romania,팔루디타이탄,Europe
Pampadromaeus,Triassic,herbivore,South America,팜파드로메우스,South America
Pamparaptor,Cretaceous,carnivore,South America,팜파랩토르,South America
Panamericansaurus,Cretaceous,herbivore,South America,파나메리칸사우루스,South America
Panoplosaurus,Cretaceous,herbivore,North America,파노플로사우루스,North America
Panphagia,Triassic,omnivore,South America,판파기아,South America
Pantydraco,Triassic,herbivore,England,판타이드라코,Europe
Paralititan,Cretaceous,herbivore,Egypt,파랄리타이탄,Africa
Paranthodon,Cretaceous,herbivore,South Africa,파란토돈,Africa
Pararhabdodon,Cretaceous,herbivore,Spain,파라랍도돈,Europe
Parasaurolophus,Cretaceous,herbivore,North America,파라사우롤로푸스,North America
Parksosaurus,Cretaceous,herbivore,North America,파크소사우루스,North America
Paronychodon,Cretaceous,carnivore,North America,파로니코돈,North America
Parvicursor,Cretaceous,carnivore,Mongolia,파르비쿠르소르,Asia
Patagonykus,Cretaceous,carnivore,South America,파타곤이쿠스,South America
Patagosaurus,Jurassic,herbivore,South America,파타고사우루스,South America
Pawpawsaurus,Cretaceous,herbivore,North America,포포사우루스,North America
Pectinodon,Cretaceous,carnivore,North America,펙티노돈,North America
Pedopenna,Jurassic,carnivore,China,페도페나,Asia
Pegomastax,Jurassic,omnivore,South Africa,페고마스탁스,Africa
Peishansaurus,Cretaceous,herbivore,China,페이샨사우루스,Asia
Pelecanimimus,Cretaceous,carnivore,Spain,펠리카니미무스,Europe
Pellegrinisaurus,Cretaceous,herbivore,South America,펠레그리니사우루스,South America
Peloroplites,Cretaceous,herbivore,North America,펠로로플리테스,North America
Pelorosaurus,Cretaceous,herbivore,England,펠로로사우루스,Europe
Penelopognathus,Cretaceous,herbivore,China,페넬로포그나투스,Asia
Pentaceratops,Cretaceous,herbivore,North America,펜타케라톱스,North America
Petrobrasaurus,Cretaceous,herbivore,South America,페트로브라사우루스,South America
Phaedrolosaurus,Cretaceous,carnivore,China,페이드로로사우루스,Asia
Philovenator,Cretaceous,omnivore,China,필로베나토르,Asia
Phuwiangosaurus,Cretaceous,herbivore,Thail,푸위안고사우루스,Asia
Phuwiangvenator,Cretaceous,carnivore,Thail,푸위안베나토르,Asia
Phyllodon,Jurassic,herbivore,Portugal,필로돈,Europe
Piatnitzkysaurus,Jurassic,carnivore,South America,피아트니츠키사우루스,South America
Pinacosaurus,Cretaceous,herbivore,Mongolia,피나코사우루스,Asia
Pitekunsaurus,Cretaceous,herbivore,South America,피테쿤사우루스,South America
Piveteausaurus,Jurassic,carnivore,France,피베토사우루스,Europe
Planicoxa,Cretaceous,herbivore,North America,플라니코사,North America
Plateosauravus,Triassic,herbivore,South Africa,플라테오사우라부스,Africa
Plateosaurus,Triassic,herbivore,Germany,플라테오사우루스,Europe
Platyceratops,Cretaceous,herbivore,Mongolia,플라티케라톱스,Asia
Plesiohadros,Cretaceous,herbivore,Mongolia,플레시오하드로스,Asia
Pneumatoraptor,Cretaceous,carnivore,etc,프뉴마토랩토르,etc
Podokesaurus,Jurassic,carnivore,North America,포도케사우루스,North America
Poekilopleuron,Jurassic,carnivore,England,포이키로플레우론,Europe
Polacanthus,Cretaceous,herbivore,England,폴라칸투스,Europe
Polyonax,Cretaceous,herbivore,North America,폴리오낙스,North America
Pradhania,Jurassic,omnivore,India,프라드니아,Asia
Prenocephale,Cretaceous,herbivore,Mongolia,프레노세팔레,Asia
Prenoceratops,Cretaceous,herbivore,North America,프레노세라톱스,North America
Priconodon,Cretaceous,herbivore,North America,프리코노돈,North America
Priodontognathus,Jurassic,herbivore,England,프리오돈토그나투스,Europe
Proa,Cretaceous,herbivore,Spain,프로아,Europe
Probactrosaurus,Cretaceous,herbivore,Mongolia,프로박트로사우루스,Asia
Proceratosaurus,Jurassic,carnivore,England,프로세라토사우루스,Europe
Procompsognathus,Triassic,carnivore,Germany,프로콤프소그나투스,Europe
Prodeinodon,Cretaceous,carnivore,Mongolia,프로데이노돈,Asia
Propanoplosaurus,Cretaceous,herbivore,North America,프로파노플로사우루스,North America
Proplanicoxa,Cretaceous,herbivore,England,프로플라니코사,Europe
Prosaurolophus,Cretaceous,herbivore,North America,프로사우로로푸스,North America
Protarchaeopteryx,Cretaceous,herbivore,China,프로아르케옵테릭스,Asia
Protoavis,Triassic,carnivore,North America,프로토아비스,North America
Protoceratops,Cretaceous,herbivore,Mongolia,프로토세라톱스,Asia
Protognathosaurus,Jurassic,herbivore,China,프로토그나토사우루스,Asia
Protohadros,Cretaceous,herbivore,North America,프로토하드로스,North America
Psittacosaurus,Cretaceous,herbivore,China,피사타코사우루스,Asia
Pteropelyx,Cretaceous,herbivore,North America,테로펠릭스,North America
Pterospondylus,Triassic,carnivore,Germany,테로스폰디루스,Europe
Puertasaurus,Cretaceous,herbivore,South America,푸에르타사우루스,South America
Pukyongosaurus,Cretaceous,herbivore,South Korea,푸경고사우루스,Asia
Pycnonemosaurus,Cretaceous,carnivore,South America,픽노네모사우루스,South America
Pyroraptor,Cretaceous,carnivore,France,파이로랩토르,Europe
Qantassaurus,Cretaceous,herbivore,Australia,칸타사우루스,Australia
Qianzhousaurus,Cretaceous,carnivore,China,치안저우사우루스,Asia
Qiaowanlong,Cretaceous,herbivore,China,치아오완룽,Asia
Qingxiusaurus,Cretaceous,herbivore,China,칭시우사우루스,Asia
Qinlingosaurus,Cretaceous,herbivore,China,칭린사우루스,Asia
Qiupalong,Cretaceous,omnivore,Mongolia,치우팔룽,Asia
Quaesitosaurus,Cretaceous,herbivore,Mongolia,퀘시토사우루스,Asia
Quetecsaurus,Cretaceous,herbivore,South America,쿠에테크사우루,South America
Quilmesaurus,Cretaceous,carnivore,South America,퀸레사우루스,South America
Rahiolisaurus,Cretaceous,carnivore,India,라히올리사우루스,Asia
Rahonavis,Cretaceous,carnivore,Madagascar,라오나비스,Africa
Rajasaurus,Cretaceous,carnivore,India,라자사우루스,Asia
Rapator,Cretaceous,carnivore,Australia,라파토르,Australia
Rapetosaurus,Cretaceous,herbivore,Madagascar,라페토사우루스,Africa
Raptorex,Cretaceous,carnivore,etc,랍토렉스,etc
Ratchasimasaurus,Cretaceous,herbivore,Thail,라차시마사우루스,Asia
Rayososaurus,Cretaceous,herbivore,South America,라요소사우루스,South America
Rebbachisaurus,Cretaceous,herbivore,Morocco,레바키사우루스,Africa
Regnosaurus,Cretaceous,herbivore,England,레그노사우루스,Europe
Rhabdodon,Cretaceous,herbivore,France,라브도돈,Europe
Rhadinosaurus,Cretaceous,herbivore,etc,라디노사우루스,etc
Rhoetosaurus,Jurassic,herbivore,Australia,레토사우루스,Australia
Riabininohadros,Cretaceous,herbivore,Russia,리아비니노하드로스,Asia
Richardoestesia,Cretaceous,carnivore,North America,리처드에스테시아,North America
Rinchenia,Cretaceous,omnivore,Mongolia,린케니아,Asia
Rinconsaurus,Cretaceous,herbivore,South America,린콘사우루스,South America
Riojasaurus,Triassic,herbivore,South America,리오하사우루스,South America
Rocasaurus,Cretaceous,herbivore,South America,로카사우루스,South America
Ronaldoraptor,Cretaceous,omnivore,Mongolia,로날도랩토르,Asia
Rubeosaurus,Cretaceous,herbivore,North America,루베오사우루스,North America
Ruehleia,Triassic,herbivore,Germany,르렐라,Europe
Rugops,Cretaceous,carnivore,Niger,루곱스,Africa
Rukwatitan,Cretaceous,herbivore,Tanzania,루크와티탄,Africa
Ruyangosaurus,Cretaceous,herbivore,China,루양사우루스,Asia
Sahaliyania,Cretaceous,herbivore,China,사할리아니아,Asia
Saichania,Cretaceous,herbivore,Mongolia,사이카니아,Asia
Saltasaurus,Cretaceous,herbivore,South America,살타사우루스,South America
Saltriovenator,Jurassic,carnivore,etc,살트리오베나토르,etc
Sanchusaurus,Cretaceous,herbivore,Japan,산추사우루스,Asia
Sangonghesaurus,Jurassic,herbivore,China,상곤회사우루스,Asia
Sanjuansaurus,Triassic,carnivore,South America,산후안사우루스,South America
Sanpasaurus,Jurassic,herbivore,China,산파사우루스,Asia
Santanaraptor,Cretaceous,carnivore,South America,산타나랩토르,South America
Sarahsaurus,Jurassic,herbivore,North America,사라사우루스,North America
Sarcolestes,Jurassic,herbivore,England,사르코레스테스,Europe
Sarcosaurus,Jurassic,carnivore,England,사르코사우루스,Europe
Sarmientosaurus,Cretaceous,herbivore,South America,살미엔토사우루스,South America
Saturnalia,Triassic,herbivore,South America,사투르나리아,South America
Saurolophus,Cretaceous,herbivore,Mongolia,사우롤로푸스,Asia
Saurolophus,Cretaceous,herbivore,North America,사우롤로푸스,North America
Sauroniops,Cretaceous,carnivore,Morocco,사우로니옵스,Africa
Sauropelta,Cretaceous,herbivore,North America,사우로펠타,North America
Saurophaganax,Jurassic,carnivore,North America,사우로파가낙스,North America
Sauroplites,Cretaceous,herbivore,China,사우로플리테스,Asia
Sauroposeidon,Cretaceous,herbivore,North America,사우로포세이돈,North America
Saurornithoides,Cretaceous,carnivore,Mongolia,사우로니토이데스,Asia
Saurornitholestes,Cretaceous,carnivore,North America,사우로니톨레스테스,North America
Savannasaurus,Cretaceous,herbivore,Australia,사반나사우루스,Australia
Scansoriopteryx,Jurassic,carnivore,China,스칸소리옵테릭스,Asia
Scelidosaurus,Jurassic,herbivore,England,셀리도사우루스,Europe
Scipionyx,Cretaceous,carnivore,etc,스키피오닉스,etc
Sciurumimus,Jurassic,carnivore,Germany,스쥬루미무스,Europe
Scolosaurus,Cretaceous,herbivore,North America,스콜로사우루스,North America
Scutellosaurus,Jurassic,herbivore,North America,스쿠텔로사우루스,North America
Secernosaurus,Cretaceous,herbivore,South America,세케르노사우루스,South America
Segisaurus,Jurassic,carnivore,North America,세기사우루스,North America
Segnosaurus,Cretaceous,herbivore,Mongolia,세그노사우루스,Asia
Seitaad,Jurassic,herbivore,North America,세이타드,North America
Sellacoxa,Cretaceous,herbivore,England,셀라코사우루스,Europe
Serendipaceratops,Cretaceous,herbivore,Australia,세렌디파세라톱스,Australia
Shamosaurus,Cretaceous,herbivore,Mongolia,샤모사우루스,Asia
Shanag,Cretaceous,carnivore,Mongolia,샤낭,Asia
Shantungosaurus,Cretaceous,herbivore,China,산퉁오사우루스,Asia
Shanxia,Cretaceous,herbivore,China,산시아,Asia
Shanyangosaurus,Cretaceous,unknown,China,산양고사우루스,Asia
Shaochilong,Cretaceous,carnivore,China,샤오치룽,Asia
Shenzhousaurus,Cretaceous,herbivore,China,센저사우루스,Asia
Shidaisaurus,Jurassic,carnivore,China,시다이사우루스,Asia
Shishugounykus,Jurassic,carnivore,China,시수고우니쿠스,Asia
Shixinggia,Cretaceous,omnivore,China,시신가,Asia
Shuangmiaosaurus,Cretaceous,herbivore,China,슈앙미아우사우루스,Asia
Shunosaurus,Jurassic,herbivore,China,슈노사우루스,Asia
Shuvuuia,Cretaceous,carnivore,Mongolia,슈부위아,Asia
Siamodon,Cretaceous,herbivore,Thail,시아모돈,Asia
Siamosaurus,Cretaceous,carnivore,Thail,시아모사우루스,Asia
Siamotyrannus,Cretaceous,carnivore,Thail,시아모티라누스,Asia
Siamraptor,Cretaceous,carnivore,Thail,시아랩토르,Asia
Siats,Cretaceous,carnivore,North America,시아츠,North America
Sigilmassasaurus,Cretaceous,carnivore,Morocco,시길마사우루스,Africa
Siluosaurus,Cretaceous,herbivore,China,실루오사우루스,Asia
Silvisaurus,Cretaceous,herbivore,North America,실비사우루스,North America
Similicaudipteryx,Cretaceous,omnivore,China,시밀리카우디테릭스,Asia
Sinocalliopteryx,Cretaceous,carnivore,China,시노칼리옵테릭스,Asia
Sinoceratops,Cretaceous,herbivore,China,시노세라톱스,Asia
Sinocoelurus,Jurassic,carnivore,China,시노코엘루루스,Asia
Sinopliosaurus,Cretaceous,carnivore,China,시노플리오사우루스,Asia
Sinornithoides,Cretaceous,carnivore,China,시노르니토이데스,Asia
Sinornithomimus,Cretaceous,omnivore,China,시노르니토미무스,Asia
Sinornithosaurus,Cretaceous,carnivore,China,시노르니토사우루스,Asia
Sinosauropteryx,Cretaceous,carnivore,China,시노사우로프테릭스,Asia
Sinosaurus,Triassic,carnivore,China,시노사우루스,Asia
Sinotyrannus,Cretaceous,carnivore,China,시노티라누스,Asia
Sinovenator,Cretaceous,carnivore,China,시노베나토르,Asia
Sinraptor,Jurassic,carnivore,China,시노랩토르,Asia
Sinusonasus,Cretaceous,carnivore,China,시누소나쿠스,Asia
Sirindhorna,Cretaceous,herbivore,Thail,시린도르나,Asia
Skorpiovenator,Cretaceous,carnivore,South America,스코르피오베나토르,South America
Sonidosaurus,Cretaceous,herbivore,China,소니도사우루스,Asia
Sonorasaurus,Cretaceous,herbivore,North America,소노라사우루스,North America
Soriatitan,Cretaceous,herbivore,Spain,소리아티탄,Europe
Sphaerotholus,Cretaceous,herbivore,North America,스페로톨루스,North America
Spinophorosaurus,Jurassic,herbivore,Niger,스피노포로사우루스,Africa
Spinops,Cretaceous,herbivore,North America,스피노프스,North America
Spinosaurus,Cretaceous,carnivore,Egypt,스피노사우루스,Africa
Spinostropheus,Jurassic,carnivore,Niger,스피노스트로페우스,Africa
Staurikosaurus,Triassic,carnivore,South America,스타우리코사우루스,South America
Stegoceras,Cretaceous,herbivore,North America,스테고세라스,North America
Stegopelta,Cretaceous,herbivore,North America,스테고펠타,North America
Stegosaurides,Cretaceous,herbivore,China,스테고사우리데스,Asia
Stegosaurus,Jurassic,herbivore,North America,스테고사우루스,North America
Stegosaurus,Jurassic,herbivore,Portugal,스테고사우루스,Europe
Stenonychosaurus,Cretaceous,carnivore,North America,스테노니코사우루스,North America
Stenopelix,Cretaceous,herbivore,Germany,스테노펠릭스,Europe
Stephanosaurus,Cretaceous,herbivore,North America,스테파노사우루스,North America
Stokesosaurus,Jurassic,carnivore,North America,스토케소사우루스,North America
Streptospondylus,Jurassic,carnivore,France,스트렙토스폰디루스,Europe
Struthiomimus,Cretaceous,omnivore,North America,스트루디오미무스,North America
Struthiosaurus,Cretaceous,herbivore,etc,스트루디오사우루스,etc
Stygimoloch,Cretaceous,herbivore,North America,스티기몰로크,North America
Styracosaurus,Cretaceous,herbivore,North America,스티라코사우루스,North America
Suchomimus,Cretaceous,carnivore,Niger,수코미무스,Africa
Suchosaurus,Cretaceous,carnivore,England,수코사우루스,Europe
Sugiyamasaurus,Cretaceous,herbivore,Japan,스기야마사우루스,Asia
Sulaimanisaurus,Cretaceous,herbivore,Pakistan,수라이마니사우루스,Asia
Supersaurus,Jurassic,herbivore,North America,수퍼사우루스,North America
Suskityrannus,Cretaceous,carnivore,North America,수스키티란누스,North America
Suuwassea,Jurassic,herbivore,North America,수와세아,North America
Suzhousaurus,Cretaceous,herbivore,China,수저사우루스,Asia
Szechuanoraptor,Jurassic,herbivore,China,스제쿠아노랩토르,Asia
Szechuanosaurus,Jurassic,carnivore,China,스제쿠아노사우루스,Asia
Talarurus,Cretaceous,herbivore,Mongolia,탈라루루스,Asia
Talenkauen,Cretaceous,herbivore,South America,탈렌카우엔,South America
Talos,Cretaceous,carnivore,North America,탈로스,North America
Tambatitanis,Cretaceous,herbivore,Japan,탐바티타니스,Asia
Tangvayosaurus,Cretaceous,herbivore,etc,탕바요사우루스,etc
Tanius,Cretaceous,herbivore,China,타니우스,Asia
Tanycolagreus,Jurassic,carnivore,North America,타닥콜라그레우스,North America
Tanystrosuchus,Triassic,carnivore,Germany,타니스트로수쿠스,Europe
Taohelong,Cretaceous,herbivore,China,타오헬롱,Asia
Tapuiasaurus,Cretaceous,herbivore,South America,타푸이아사우루스,South America
Tarascosaurus,Cretaceous,carnivore,France,타라스코사우루스,Europe
Tarbosaurus,Cretaceous,carnivore,Mongolia,타르보사우루스,Asia
Tarchia,Cretaceous,herbivore,Mongolia,타르키아,Asia
Tastavinsaurus,Cretaceous,herbivore,Spain,타스타빈사우루스,Europe
Tatankacephalus,Cretaceous,herbivore,North America,타탄카세팔루스,North America
Tatankaceratops,Cretaceous,herbivore,North America,타탄카세라톱스,North America
Tataouinea,Cretaceous,herbivore,etc,타타오이네아,etc
Tatisaurus,Jurassic,herbivore,China,타티사우루스,Asia
Taurovenator,Cretaceous,carnivore,South America,타우로베나토르,South America
Taveirosaurus,Cretaceous,herbivore,Portugal,타베이로사우루스,Europe
Tawa,Triassic,carnivore,North America,타와,North America
Tazoudasaurus,Jurassic,herbivore,Morocco,타조우다사우루스,Africa
Tehuelchesaurus,Jurassic,herbivore,South America,테휠체사우루스,South America
Teinurosaurus,Jurassic,carnivore,Portugal,테이누로사우루스,Europe
Telmatosaurus,Cretaceous,herbivore,Romania,텔마토사우루스,Europe
Tendaguria,Jurassic,herbivore,Tanzania,텐다구리아,Africa
Tengrisaurus,Cretaceous,herbivore,Russia,텡그리사우루스,Asia
Tenontosaurus,Cretaceous,herbivore,North America,테논토사우루스,North America
Teratophoneus,Cretaceous,carnivore,North America,테라토포네우스,North America
Tethyshadros,Cretaceous,herbivore,etc,테티스하드로스,etc
Texacephale,Cretaceous,herbivore,North America,텍사세팔,North America
Texasetes,Cretaceous,herbivore,North America,텍사세테스,North America
Thanos,Cretaceous,carnivore,South America,타노스,South America
Thecocoelurus,Cretaceous,carnivore,England,테코코엘루루스,Europe
Thecodontosaurus,Triassic,herbivore,England,테코돈토사우루스,Europe
Thecospondylus,Cretaceous,carnivore,England,테코스폰디루스,Europe
Theiophytalia,Cretaceous,herbivore,North America,테이오피탈리아,North America
Therizinosaurus,Cretaceous,herbivore,Mongolia,테리지노사우루스,Asia
Therosaurus,Cretaceous,herbivore,England,테로사우루스,Europe
Thescelosaurus,Cretaceous,herbivore,North America,테스켈로사우루스,North America
Thespesius,Cretaceous,herbivore,North America,테스페시우스,North America
Thotobolosaurus,Triassic,herbivore,etc,토토볼로사우루스,etc
Tianchisaurus,Jurassic,herbivore,China,티안치사우루스,Asia
Tianyulong,Jurassic,omnivore,China,티안율롱,Asia
Tianyuraptor,Cretaceous,carnivore,China,티안유랍토르,Asia
Tianzhenosaurus,Cretaceous,herbivore,China,티안젠사우루스,Asia
Tichosteus,Jurassic,herbivore,North America,티코스테우스,North America
Tienshanosaurus,Jurassic,herbivore,China,티엔산사우루스,Asia
Timimus,Cretaceous,unknown,Australia,티미무스,Australia
Titanoceratops,Cretaceous,herbivore,North America,티타노세라톱스,North America
Titanosaurus,Cretaceous,herbivore,India,티타노사우루스,Asia
Tochisaurus,Cretaceous,omnivore,Mongolia,토치사우루스,Asia
Tonganosaurus,Jurassic,herbivore,China,통가노사우루스,Asia
Tonouchisaurus,Cretaceous,unknown,Mongolia,토누치사우루스,Asia
Tornieria,Jurassic,herbivore,Tanzania,토니에리아,Africa
Torosaurus,Cretaceous,herbivore,North America,토로사우루스,North America
Torvosaurus,Jurassic,carnivore,North America,토르보사우루스,North America
Torvosaurus,Jurassic,carnivore,Portugal,토르보사우루스,Europe
Trachodon,Cretaceous,herbivore,North America,트라코돈,North America
Tralkasaurus,Cretaceous,carnivore,South America,트랄카사우루스,South America
Traukutitan,Cretaceous,herbivore,South America,트라우쿠타이탄,South America
Triceratops,Cretaceous,herbivore,North America,트리케라톱스,North America
Trigonosaurus,Cretaceous,herbivore,South America,트리고노사우루스,South America
Trimucrodon,Jurassic,herbivore,Portugal,트리무크로돈,Europe
Trinisaura,Cretaceous,herbivore,Antarctica,트리니사우루스,Antarctica
Troodon,Cretaceous,carnivore,North America,트로오돈,North America
Tsaagan,Cretaceous,carnivore,Mongolia,차간,Asia
Tsagantegia,Cretaceous,herbivore,Mongolia,차간테기아,Asia
Tsintaosaurus,Cretaceous,herbivore,China,칭다오사우루스,Asia
Tugulusaurus,Cretaceous,carnivore,China,투굴루사우루스,Asia
Tuojiangosaurus,Jurassic,herbivore,China,투장고사우루스,Asia
Turanoceratops,Cretaceous,herbivore,Uzbekistan,투라노세라톱스,Asia
Turiasaurus,Jurassic,herbivore,Spain,투리아사우루스,Europe
Tylocephale,Cretaceous,herbivore,Mongolia,틸로세팔,Asia
Tyrannosaurus,Cretaceous,carnivore,North America,티라노사우루스,North America
Tyrannotitan,Cretaceous,carnivore,South America,티라노티탄,South America
Uberabatitan,Cretaceous,herbivore,South America,우베라바티탄,South America
Udanoceratops,Cretaceous,herbivore,Mongolia,우다노세라톱스,Asia
Ultrasaurus,Cretaceous,herbivore,South Korea,울트라사우루스,Asia
Unaysaurus,Triassic,herbivore,South America,우나이사우루스,South America
Unenlagia,Cretaceous,carnivore,South America,우넨라기아,South America
Unescoceratops,Cretaceous,herbivore,North America,유네스코세라톱스,North America
Unquillosaurus,Cretaceous,carnivore,South America,운킬로사우루스,South America
Urbacodon,Cretaceous,carnivore,Uzbekistan,어바코돈,Asia
Utahceratops,Cretaceous,herbivore,North America,유타세라톱스,North America
Utahraptor,Cretaceous,carnivore,North America,유타랩터,North America
Uteodon,Jurassic,herbivore,North America,유테오돈,North America
Vagaceratops,Cretaceous,herbivore,North America,바가세라톱스,North America
Vahiny,Cretaceous,herbivore,Madagascar,바히니,Africa
Valdoraptor,Cretaceous,carnivore,England,발도랩토르,Europe
Valdosaurus,Cretaceous,herbivore,England,발도사우루스,Europe
Vallibonavenatrix,Cretaceous,carnivore,Spain,발리보나베나트리스,Europe
Variraptor,Cretaceous,carnivore,England,바리랩토르,Europe
Vayuraptor,Cretaceous,carnivore,Thail,바유랩토르,Asia
Velafrons,Cretaceous,herbivore,North America,벨라프론스,North America
Velocipes,Triassic,carnivore,etc,벨로서페스,etc
Velociraptor,Cretaceous,carnivore,Mongolia,벨로키랍토르,Asia
Velocisaurus,Cretaceous,carnivore,South America,벨로시사우루스,South America
Venenosaurus,Cretaceous,herbivore,North America,베네노사우루스,North America
Veterupristisaurus,Jurassic,carnivore,Tanzania,베테루프리스티사우루스,Africa
Vitakridrinda,Cretaceous,carnivore,Pakistan,비타크리드린다,Asia
Vitakrisaurus,Cretaceous,carnivore,Pakistan,비타크리사우루스,Asia
Volkheimeria,Jurassic,herbivore,South America,볼크하이메리아,South America
Vouivria,Jurassic,herbivore,France,부이브리아,Europe
Vulcanodon,Jurassic,herbivore,etc,불카노돈,etc
Wakinosaurus,Cretaceous,carnivore,Japan,와키노사우루스,Asia
Walgettosuchus,Cretaceous,carnivore,Australia,월게토수쿠스,Australia
Wamweracaudia,Jurassic,herbivore,Tanzania,왐웨라쿠디아,Africa
Wannanosaurus,Cretaceous,herbivore,China,완난사우루스,Asia
Weewarrasaurus,Cretaceous,herbivore,Australia,위워라사우루스,Australia
Wellnhoferia,Jurassic,carnivore,Germany,벨노페리아,Europe
Willinakaqe,Cretaceous,herbivore,South America,윌리나카크,South America
Wintonotitan,Cretaceous,herbivore,Australia,윈토노타이탄,Australia
Wuerhosaurus,Cretaceous,herbivore,China,웨르호사우루스,Asia
Wulagasaurus,Cretaceous,herbivore,China,우라가사우루스,Asia
Wulatelong,Cretaceous,omnivore,China,우라텔롱,Asia
Xenoceratops,Cretaceous,herbivore,North America,제노세라톱스,North America
Xenoposeidon,Cretaceous,herbivore,England,제노포세이돈,Europe
Xenotarsosaurus,Cretaceous,carnivore,South America,제노타르소사우루스,South America
Xianshanosaurus,Cretaceous,herbivore,China,시안산사우루스,Asia
Xiaosaurus,Jurassic,herbivore,China,샤오사우루스,Asia
Xiaotingia,Jurassic,carnivore,China,샤오팅기아,Asia
Xinjiangovenator,Cretaceous,carnivore,etc,신장고베나토르,etc
Xinjiangtitan,Jurassic,herbivore,etc,신장티탄,etc
Xiongguanlong,Cretaceous,carnivore,China,시옹과롱,Asia
Xixianykus,Cretaceous,unknown,China,시시안이쿠스,Asia
Xixiasaurus,Cretaceous,carnivore,etc,시시아사우루스,etc
Xixiposaurus,Jurassic,omnivore,etc,시시포사우루스,etc
Xuanhanosaurus,Jurassic,carnivore,etc,쉬안하노사우루스,etc
Xuanhuaceratops,Jurassic,herbivore,etc,쉬안화세라톱스,etc
Xunmenglong,Cretaceous,carnivore,China,쉰멍룡,Asia
Xuwulong,Cretaceous,herbivore,China,쉬우룡,Asia
Yamaceratops,Cretaceous,herbivore,Mongolia,야마세라톱스,Asia
Yamanasaurus,Cretaceous,herbivore,South America,야마나사우루스,South America
Yandusaurus,Jurassic,herbivore,China,얀두사우루스,Asia
Yangchuanosaurus,Jurassic,carnivore,China,양춘사우루스,Asia
Yaverlandia,Cretaceous,carnivore,England,야버랜디아,Europe
Yibinosaurus,Jurassic,herbivore,etc,이비노사우루스,etc
Yimenosaurus,Jurassic,herbivore,etc,이메노사우루스,etc
Yingshanosaurus,Jurassic,herbivore,China,잉산사우루스,Asia
Yinlong,Jurassic,herbivore,etc,인룡,etc
Yixianosaurus,Cretaceous,carnivore,etc,이시안사우루스,etc
Yizhousaurus,Jurassic,herbivore,etc,이저우사우루스,etc
Yongjinglong,Cretaceous,herbivore,etc,용징룡,etc
Yuanmousaurus,Jurassic,herbivore,etc,위안모사우루스,etc
Yueosaurus,Cretaceous,herbivore,etc,위오사우루스,etc
Yulong,Cretaceous,omnivore,etc,유룡,etc
Yunganglong,Cretaceous,herbivore,etc,윙강룡,etc
Yunnanosaurus,Jurassic,herbivore,etc,윈난사우루스,etc
Yunxianosaurus,Cretaceous,herbivore,etc,윈시안사우루스,etc
Yurgovuchia,Cretaceous,carnivore,North America,유르고부키아,North America
Yutyrannus,Cretaceous,carnivore,China,유티란누스,Asia
Zalmoxes,Cretaceous,herbivore,Romania,잘모크세스,Europe
Zanabazar,Cretaceous,carnivore,Mongolia,자나바자르,Asia
Zapalasaurus,Cretaceous,herbivore,South America,자팔라사우루스,South America
Zapsalis,Cretaceous,carnivore,North America,잽살리스,North America
Zby,Jurassic,herbivore,Portugal,즈비,Europe
Zephyrosaurus,Cretaceous,herbivore,North America,제피로사우루스,North America
Zhanghenglong,Cretaceous,herbivore,China,장헝룡,Asia
Zhejiangosaurus,Cretaceous,herbivore,China,저장오사우루스,Asia
Zhongornis,Cretaceous,unknown,China,종오르니스,Asia
Zhongyuansaurus,Cretaceous,herbivore,China,종위윈사우루스,Asia
Zhuchengceratops,Cretaceous,herbivore,China,주청세라톱스,Asia
Zhuchengtyrannus,Cretaceous,carnivore,China,주청티라노스,Asia
Ziapelta,Cretaceous,herbivore,North America,지아펠타,North America
Zigongosaurus,Jurassic,herbivore,China,지공사우루스,Asia
Zizhongosaurus,Jurassic,herbivore,China,지종사우루스,Asia
Zuniceratops,Cretaceous,herbivore,North America,주니세라톱스,North America
Zuolong,Jurassic,carnivore,China,주올롱,Asia
Zupaysaurus,Triassic,carnivore,South America,주파이사우루스,South America
Zuul,Cretaceous,herbivore,North America,줄,North America
